|index|text|flg_crime|cat_crime
1|1|Postei uma progress√£o salarial e ja veio conta criada hoje me pedindo um favorzinho, parece que tem mais golpista que humanos normais no Brasil pqp|S|Golpe banc√°rio
2|3|"mandei mensagem em uma pizzaria (whatsapp no site oficial deles) bem famosa da minha cidade perguntando se tinha reserva dispon√≠vel pro dia dos namorados

responderam dizendo que as reservas eram feitas diretamente com o gerente em um n√∫mero a parte, j√° achei estranho mas mandei mensagem pro suposto gerente perguntando da reserva (obs: mensagens tempor√°rias ativas e foto pescando um peixe)

o cara mandou o card√°pio e disse que a reserva estava no valor de R$300 e era pra mandar diretamente pra ele que ele mandava o n√∫mero da mesa

est√£o dando golpe diretamente pelo whatsapp oficial do estabelecimento "|S|Golpe banc√°rio
4|18|"Ent√£o, recentemente eu fui contratar um servi√ßo de internet pra minha casa. Me indicaram um lugar com uma internet at√© que cara, 700 megas por 130 dinheiros. Fui falando com a mo√ßa que estava me atendendo, logo de ind√≠cio j√° pediu o endere√ßo (at√© a√≠ tudo padr√£o) e eu fui conversando at√© que firmei um dia de instala√ß√£o do roteador e tal. Logo em seguida a mo√ßa pediu o cep e disse que o servi√ßos da empresa n√£o cobririam o bairro que eu moro (o que seria ok eu acho no momento em que dei meu endere√ßo) e que infelizmente eu teria que procurar outra operadora.

Meio que foi s√≥ isso, n√£o houve pagamento de nada, nenhum dado pessoal tipo nome completo ou CPF foi dado, s√≥ o endere√ßo e cep, ser√° que pode ser golpe de algum tipo? Eu moro em um lugar onde obviamente ningu√©m tem dinheiro pra ter coisa de valor em casa pra roubar ou algo do tipo. Uma coisa que me fez suspeitar √© que o Instagram da empresa tava vazio, s√≥ tinha uma publica√ß√£o e uns poucos seguidores. Enfim, me d√™em opini√µes."|S|Outros
7|23|"Estou vendendo um contra baixo e um pre√ßo mais baixo porque estou para mudar e preciso de grana pra pagar caminh√£o. Postei no marketplace do Facebook. Teve um interessado que disse que queria comprar pelo mercado livre (imaginei que seria por conta do pagamento ser liberado s√≥ ap√≥s o recebimento ou algo assim).
Eu sei de alguns golpes que j√° vi nesse Reddit pela enjoei, Olx e etc. Mas n√£o me lembro de ter visto algo mercado livre.
Sabem me dizer se tem algum golpe por l√° que eu deva ficar ligeiro ?
Obrigado."|S|Golpe banc√°rio
9|26|"Algumas vezes pedi um uber e o motorista imediatamente manda no chat ""seu dinheiro est√° trocado?"" ou ""√© dinheiro ou pix?"" e quando eu digo ""√© cart√£o/uber cash"" eles cancelam

Algu√©m sabe o motivo de certos motoristas s√≥ aceitarem dinheiro ou pix e n√£o pagamento pela plataforma?

Tudo que eu posso imaginar √© aquele golpe que eles finalizam a viagem e falam que voc√™ n√£o pagou a corrida, por isso √© muito mais seguro pagar pela plataforma"|S|Cibercrime
10|27|"Boa tarde galera. ouvi meu pai em uma conversa suspeita no telefone e quando vi a msg que mandaram no whatsapp dele falei p ele desligar.

Falaram que tinha dinheiro preso em um cart√£o do bradesco (?) e pediram o n√∫mero da ag√™ncia dele, infelizmente ele passou pq eu n tava perto na hora. s√≥ n√£o enviou a foto dos documentos.

Segunda vez que vejo esse tipo de n√∫mero ligando pra ele e falando alguma coisa do tipo. depois que eu desliguei ainda ficaram insistindo ligando.

Essa parada √© golpe n√©? eu pelo menos nunca vi algo assim por aq

Ele passando o n√∫mero da ag√™ncia, tem chance de dar alguma merda? n√£o sei se ele chegou a mandar mais alguma informa√ß√£o "|S|Cibercrime
11|28|"Recebi um email enviado por mim mesmo (?) literalmente foi enviado pelo meu email, estava em ingles, dizia que tinha videos meus me masturbando e que eu precisava pagar ele pra nao enviar isso para as pessoas

Fui verificar meu email na microsoft e vi que tem IN√öMERAS tentativas de acesso mal sucedidas na minha conta de lugares diferentes do mundo. algu√©m sabe o que pode ser isso?

https://preview.redd.it/qd8bpgyn5z4f1.png?width=869&amp;format=png&amp;auto=webp&amp;s=45b6d2604f620f8548f848db85ff918a12064192

"|S|Golpe banc√°rio
12|30|Presumo que meu n√∫mero de telefone tenha vazado em algum lugar, de uns tempos pra c√° venho recebendo SMS de casa de aposta, e no meu telegram e WhatsApp veio uma pessoa perguntando se eu lembro dela e pra ter um bom dia.|S|Golpe banc√°rio
13|33|Esse s√°bado eu vou comprar uma placa de v√≠deo com um cara que mora relativamente perto, s√≥ que eu n√£o sei se placa de v√≠deo est√° com todos os funcionamentos corretos, ser√° que tem algo que eu posso fazer pra conseguir meu dinheiro de volta caso eu leve um golpe? |S|Golpe banc√°rio
14|35|"Cara esse sinceramente √© um completo saco, mas vou resumir bem r√°pido, 

Algu√©m te para, chama tua aten√ß√£o pra uma hist√≥ria triste pra voc√™ comprar algo(normalmente hist√≥ria de pai sem dinheiro, e pode pra comprar fralda etc) e depois revende isso.

Mano esse √© muito chato pq aqui onde eu trabalho tem sempre alguns chatos ali pedindo ou te parando, eu s√≥ lan√ßo um ""n√£o."" E nem tento parar pra ver. Normalmente sempre est√£o com uma caixa de doces na m√£o(detalhe, nem te oferece isso)

Algu√©m j√° caiu nisso aqui?"|S|Golpe banc√°rio
15|39|"Boa noite pessoal.

Acabei de sofrer uma tentativa do famigerado golpe do pix. O lenga lenga de sempre, manda o pix e chama no whats. Mas como voc√™s do sub s√£o lindos e maravilhosos eu tava ligada no movimento.

Fui usar o mecanismo de devolu√ß√£o da Nubank e quando clico em ""Fazer um reembolso"" nas pr√≥ximas telas aparecem essas mensagens ai. Fiquei em d√∫vida se deveria prosseguir e entrei no chat. O atendente me informou que era por essa op√ß√£o mesmo, mas estou com medo de usar e dar errado e depois a Nubank me culpar dizendo que fui avisada e mesmo assim prossegui. E agora gente? O que devo fazer?"|S|cibercrime
16|44|Ela no desespero, achou q tinha recebido email informando que foi taxada na alf√¢ndega, clicou e seguiu todos os passos e pagou a taxa pelo pix. O q fazer agora? Ser√° q tem como conseguir o dinheiro de volta? Mais ou menos uns 70 reais|S|Golpe banc√°rio
17|45|Anunciar produto no Facebook para outros|S|Golpe banc√°rio
19|47|Ol√° pessoal, vou tentar ser sucinto. Meu pai est√° usando a MEW Wallet. Dentro dela, ele conectou um DApp para que seu saldo da carteira tenha rendimentos di√°rios de at√© 2%, se n√£o me enagno. O problema √© que esse DApp aponta para um dom√≠nio de um site muito suspeito e na hora de integrar com a carteira, ela mesmo da avisos sobre os riscos. Imagens em anexo. Eu n√£o cheguei a saber como ele descobriu isso, mas aparentemente ele diz que conheceu algu√©m que j√° faz isso h√° 2 anos e consegue lucrar, sendo que o dom√≠nio foi criado recentemente, al√©m de das outras evid√™ncias suspeitas do dom√≠nio. Se acessado via desktop, o site n√£o tem nem responsividade, e os documentos de permiss√£o para a empresa atuar que tem l√° s√£o possivelmente fakes. Algu√©m j√° viu algo parecido e poderia me explicar melhor?|S|Golpe banc√°rio
21|52|"Recebi uma liga√ß√£o do banco PICPAY, era um n√∫mero que n√£o tenho nos contatos, eu atendi, e disse que era um consultor do PICPAY, e ao mesmo tempo recebi uma notifica√ß√£o do app como mostra na imagem, e come√ßou me oferecer um cart√£o com benef√≠cios essas coisas, pediu para abrir o app, mas eu n√£o queria nada disse que tava sem tempo e e ele insistindo que √© r√°pido e tal, mas eu desliguei na cara dele mesmo, abri o app, a primeira p√°gina j√° era uma contrata√ß√£o de um empr√©stimo, a√≠ j√° estranhei, abri nas notifica√ß√µes e era um contato oficial do PICPAY mesmo que enviou essa mensagem, pelo menos parecia ser, a√≠ eu fechei o app, e logo depois apareceu outra notifica√ß√£o como mostrado na segunda imagem, de que simulei um empr√©stimo. Agora olhando umas postagens aqui, e lembrei que esses dias consultaram v√°rias vezes meu CPF na Serasa.

Achei bem elaborado, n√£o sei como funciona, algu√©m j√° viu algo parecido? Ainda corro risco?

No tempo que fiquei escrevendo aqui, continuaram me ligando."| S| Golpe banc√°rio
22|53|Estou querendo comprar um ps5 e o vendedor quer que eu fa√ßa o pagamento pelo mercado pago, ele diz q √© seguro e que se n√£o receber o produto o mercado pago devolve o dinheiro. Isso pode ser golpe ou tem garantia de receber?|S|Golpe banc√°rio
23|54|"Pessoal, contratei a Internet da claro para um apartamento em Bras√≠lia. Coloquei no nome e CPF da minha sogra mas com meu telefone e email. A instala√ß√£o est√° marcada para amanh√£.  Hoje a Claro me ligou, mandou mensagem e email confirmando v√°rias vezes. At√© a√≠ tudo bem. 

No come√ßo da tarde,  minha sogra come√ßou a receber liga√ß√µes de v√°rios n√∫meros afirmando que n√£o daria para instalar a Claro, ou seria lento porque n√£o tem como passar fibra √≥tica aqui no pr√©dio (de fato √© um pr√©dio antigo). E j√° passando o contato de um n√∫mero da Oi que daria certo. 

Isso est√° com muito cheiro de golpe. Algu√©m j√° passou por isso ou ouviu falar algo do tipo?"|S|Golpe banc√°rio
26|59|"
Terei que pagar para saber quem me consultou "|S|Golpe banc√°rio
27|61|"Um n√∫mero que o Telegram diz ser do Brasil, mas a pessoa se diz de Singapura e atualmente mora em Miame, me mandou mensagem procurando por ""Clara"" de S√£o Paulo. Eu disse que era engano e logo ela passou a responder em portugu√™s traduzindo do Google segundo ela.
A√≠ ela disse que queria visitar o Brasil e quis fazer amizade comigo, ent√£o fui dando corda pra ver at√© onde ia e logo ela mandou duas fotos de rosto que pra mim eram fakes. Eu questionei sobre isso e ela disse que se eu n√£o acreditasse poderia parar de responder. Ent√£o fui conversando e ela me perguntou idade e se era solteiro. Ela disse que era separada h√° 6 anos e sem filhos, perguntou boa cidades para visitar no Brasil e disse que trabalhava como dona de uma joalheria nos EUA e que esse n√∫mero que ela tava conversando comigo era de trabalho e me mandou o n√∫mero dela com in√≠cio 619 pra chamar no zap. E depois mandou de novo com o link do whatsapp. Eu n√£o cliquei no linke mas copiei o n√∫mero e l√° no zap eu cliquei pra ver a foto e era a mesma pessoa mas n√£o mandei mensagem.
Da√≠ voltei no telegram e disse que o link tava dando erro (mentira, nem cliquei) e ent√£o ela reenviou o link e disse que se eu quiser conversar no whatsapp ela vai estar me esperando e parou de responder ali no Telegram.
Antes de me passar o n√∫mero, ela me pediu uma foto minha que n√£o mandei e ap√≥s eu perguntar ela disse que n√£o tem instagram.

Pra mim √© golpe, mas queria saber a opini√£o de voc√™s.
N√£o estou em nenhum grupo ou canal do telegram."|S|Golpe banc√°rio
31|75|"Uso essas plataformas de compra e venda a muito tempo, e sempre tem uns malandros que tentam aplicar o famoso golpe do intermedi√°rio. Eu sempre tiro uma onda quando percebo
, e no geral eles nem d√£o corda ou nem assumem que s√£o golpistas, mas esse aqui quis tirar onda e entregou o esquema e at√© quanto fatura, mas o mais impresionante que mesmo sendo 171
, ainda tem a √©tica de n√£o dar golpe em gente humilde . Um gentleman emp√°tico. 

Agora pra dar uma utilidade no post vou dar dicas de como n√£o perder seu tempo com esses safados, tanto comprando quanto vendendo.

-Comprador golpista:

-N√£o pede desconto.
-Pede pra te chamar no Whatsapp de primeira para n√£o ser banido, o ideal √© pedir para negociar pelo chat da plataforma mesmo.
-Conta nova.
-Vai pedir mais fotos e v√≠deos do produto pra fazer  o an√∫ncio duplicado
-N√£o pergunta se tem defeito ou se ta tudo certo com o produto


-An√∫ncio de golpe:

-Pre√ßo baixo demais
-Conta nova
-Vai te contar uma hist√≥ra pra tentar te enrolar

Se ver um anuncio com essas caracteristicas n√£o perca seu tempo mandando mensagem, n√£o tente ser o espert√£o que vai pagar 500 reias em um produto que vale 1000.

No mas , vejo muita gente com medo de comprar e vender nessas plataformas , mas √© s√≥ n√£o tentar levar vantagem e tentar fazer tudo por dentro da plataforma que a chance de tomar golpes cai 99,9 %"|S|Golpe banc√°rio
34|86|"Ajudas sobre como comprar um series s na OLX

Ola, estou pensando em comprar um series s na OLX, e quero algumas dicas. Sou de cidade grande (BH), estava pensando em comprar presencialmenye, ir na casa dele e testar com mais um amigo meu, pra evitar comprar um que nso esteja desconservado, poderiam me dar dicas. (Sei que n√£o tem nada a ver com meu post, mas algurm que entende do post, poderia me dizer se preciso levar ao t√©cnico pra dar uma olhada no videogame ap√≥s comprar?) Obrigado desde j√°!"| S| Golpe banc√°rio
36|91|Ola, estou pensando em comprar um series s na OLX, e quero algumas dicas. Sou de cidade grande (BH), estava pensando em comprar presencialmenye, ir na casa dele e testar com mais um amigo meu, pra evitar comprar um que nso esteja desconservado, poderiam me dar dicas. (Sei que n√£o tem nada a ver com meu post, mas algurm que entende do post, poderia me dizer se preciso levar ao t√©cnico pra dar uma olhada no videogame ap√≥s comprar?) Obrigado desde j√°!|S|Golpe banc√°rio
37|92|"Algu√©m j√° passou por esta situa√ß√£o? Sabem como funciona o golpe?
O sujeito escreveu os nomes da minha m√£e e do meu irm√£o. Imagino que pode ser algum vazamento de dados que sofri recentemente na XP ou sei l√° onde."|S|Outros
38|95|"Oi pessoal quero comprar um Nintendo 3ds na olx por√©m tenho uma d√∫vida. 
Se eu pagar tudo certinho pelo app, tem chance do vendedor n√£o enviar nada e eu perder meu dinheiro? Pretendo pagar com pix (no app), me preocupo que o Olx n√£o devolva meu dinheiro em casos assim"|S|Golpe banc√°rio
40|103|Coitado, mal sabe ele que Minas Gerais nem t√™m praia ü•¥ü•¥|S|Outros
41|108|"Minua m√£e estava em casa essa semana e quando pegou o celular tinha umas 5 chamadas n√£o atendidas no Whatsapp de um numero desconhecido.
 
Acho que n√£o toca quando √© desconhecido.
  
A√≠ ela mandou msg falando quem era e o cara disse que tinha uma encomenda e que deixou com o vizinho no numero 102... mas n√£o tem esse vizinho e nem o numero 102 na rua, ele disse que tocou a campainha e ningu√©m apareceu, mas n√£o tem campainha, e os c√£es fariam barulho, e mimha m√£e tava em casa.
  
Ela me perguntou o que fazer e perguntamos pra galera se tinha coisa pra chegar e ninguem tinha.
  
Me parece muito um golpe, mas n√£o entendi, o que ele queria? Ia amea√ßar? Xavecar? Pedir pra ir no port√£o?
  
Fiquei pensando, creio que ele nao estava fisicamente l√°. 
 
Algu√©m mtem ideia do que possa ser?"|S|Golpe banc√°rio
43|110|Quero dar umas risadocas. Me contem a√≠ (de prefer√™ncia um que voc√™ n√£o tenha ca√≠do)|S|Golpe banc√°rio
45|119|"Comprei ontem um celular na OLX, parcelado por mil e poucos conto. Conversei normalmente iz at√© uma oferta e o vendedor aceitou, quando perguntei o motivo da venda ele disse que tava juntando pra como um PS5. Quando confirmou o pagamento ele me pediu meu ZAP, e mandou a foto do selo impresso dizendo que ia enviar no outro dia (foto 3)

Hoje, perguntei se ele tinha enviado, e o whatsapp dele est√° aparecendo o √≠cone de Convidar (foto 4), como se ele tivesse exclu√≠do o WhatsApp. mandei msg na OLX de novo e ele n√£o respondeu l√° tamb√©m, poss√≠vel golpe? ainda aparece o bot√£o de cancelar a compra, ent√£o pra mim n√£o faz sentido ser golpe"|S|Golpe banc√°rio
46|121|"Ligaram p/ a minha m√£e (titular do plano) oferecendo uma pequena redu√ß√£o de fatura, ao juntar tudo (p√≥s dela + o meu) num s√≥.

A suposta atendente tinha a informa√ß√£o do plano. Minha m√£e s√≥ deu os 3 primeiros d√≠gitos do CPF, e o CEP. Est√£o aqui esperando eu confirmar algo no whatsapp.

Eu desconfiei mas n√£o consigo entrar em contato com a Claro para confirmar. O app e os n√∫meros de contato s√≥ redirecionam p/ auto-atendimento."|S|Golpe banc√°rio
48|125|Minha av√≥ √© daquela que compra tekpix e orapronibis (literalmente j√° comprou os dois). Acredita em tudo. Tomou golpe de um lixo que se fez passar por um m√©dico mais velho e ela caiu direitinho. Resumo, como evitar? Eu ja bloqueei chamadas SPAM e de desconhecidos. Mas ela √© muito displicente devido idade e gostaria de ajudar sem ofender. Ela n√£o vai mudar. Eu que quero. |S|Cibercrime
50|129|Fala galera, recebi dois emails dessa empresa, q depois de olhar vi q era do jogo Ragnarok, me enviando um c√≥digo de verifica√ß√£o pra autenticar minha conta. A parada √© que nunca tive conta nesse jogo e com certeza n√£o solicitei c√≥digo de verifica√ß√£o nenhum. Isso me parece algum tipo de golpe mas n√£o fa√ßo ideia de que tipo seja e se devo me preocupar. Algu√©m q joga sabe se √© perigoso de alguma forma?| S| Golpe banc√°rio
55|138|"Comprei uma c√¢mera no Enjoei com valor estranhamente baixo j√° imaginando que tinha algo de errado e n√£o deu outra: vendedor pediu meu numero de Whats pra tentar aplicar golpe dizendo que a c√¢mera n√£o estava no Brasil e precisava ser enviada dos EUA - isso ontem.

Hoje, como esperado, me chamou solicitando pagamento de uma pequena taxa de R$ 499, que seria reembolsada kkkkkkk

Golpe nota 3/10, site bem feito at√©, comunica√ß√£o do golpista terr√≠vel"|S|Outros
56|139|Estava conversando com uma mina no telegram e aquelas coisas papo vai papo vem pediu pra eu adicionar ela pra fazer chamada aquelas coisas adicionei mas n√£o fi chamadas eis ent√£o que agora pouco ela me manda todos meus dados e fotos e v√≠deos (nudes) dizendo que quer 600 reais pra n√£o falar nada e que a cada um minuto vai redirecionar para meus contatos e minha fam√≠lia, j√° bloqueei em tudo mas oq me deixou nervoso foi que ela tinha o CNPJ do meu empregar meu cep tudo meu, devo me preocupar? Fazer um b.o? J√° tinha visto coisa do tipo aqui no sub dizem pra s√≥ ignorar mas √© isso mesmo ? Algu√©m j√° passou por coisa parecida |S|Golpe banc√°rio
58|143|"A √∫nica d√≠vida que tenho √© com a nubank e n√£o acho que eles falem dessa forma. Entt bloqueei e denunciei pro whatsapp kkk
(Detalhe‚Äö a parte em preto √© o nome pelo qual ele me chamou e realmente era meu primeiro nome. Confeso que estou assutado‚Äö mas j√° vi tanta coisa nesse Reddit que t√¥ tentando n√£o pirar e levar numa boa)"|S|Golpe banc√°rio
60|150|"Ontem a noite, meu irm√£o recebeu e-mail da Magalu avisando que o pedido foi confirmado. Ele n√£o tinha feito pedido nenhum, e achamos na hora que era falso. Na sequ√™ncia chegou email com confirma√ß√£o de pagamento e previs√£o de entrega para hoje.
Falei para ele n√£o abrir nada, instalei o app da Magalu no meu celular e entrei com a conta dele.
E l√° estava o pedido de uma geladeira, e com nosso endere√ßo para entrega.
No app eu n√£o consegui ver qual cart√£o foi usado para compra, s√≥ a bandeira. Meu irm√£o tem dois cart√µes da bandeira que estava l√°, e logo ligou para os dois bancos. Nenhum deles identificou a compra.
Eu consegui ver que tinha um cart√£o cadastrado na conta dele, mas pelo final, n√£o era nenhum dos cart√µes dele.
Como a NF ainda n√£o tinha sido emitida, conseguimos fazer o cancelamento do pedido pelo app.
Hoje de manh√£ ele ligou no atendimento da Magalu, e confirmaram o pedido, e tamb√©m o cancelamento. Ele perguntou sobre o cart√£o usado, e a atendente disse apenas que era um cart√£o do Santander (n√£o sei como ela sabia isso), mas n√£o conseguiu dizer se era no nome do meu irm√£o.
Na d√∫vida, ele fez um BO.

Mas a d√∫vida √©: qual era o golpe? Porque comprar uma geladeira e botar o nosso endere√ßo para entrega?"|S|Golpe banc√°rio
61|151|"Eu recebi essa mensagem no meu email hoje, mas o nome informado n√£o √© o meu...

https://preview.redd.it/x8m65rfojj3f1.png?width=981&amp;format=png&amp;auto=webp&amp;s=c1912b4397d676201e8f86d5fda440c6800664b5

  
Algu√©m j√° recebeu um email parecido? Sabe se √© algum tipo de golpe?"| S| Cibercrime
62|158|Chega a ser triste, olha isso, um site levando no outro, apareceu no meu feed do Google, fico pensando no tanto de gente que deve cair. | S| Golpe banc√°rio
69|171|Preciso vender um MacBook Air M2 e um PS5 como s√£o de alto valor tenho medo de vender na Olx. O que indicam pra n√£o cair em golpes? Vender apenas presencialmente entregar em m√£os e usar o Olx pay? N√£o me sinto mto seguro enviando por correio como moro em S√£o Paulo acho q venderia facilmente e entregaria fisicamente facilmente tbm( nunca vendi na Olx antes)|S|Outros
70|172|Encontrei isso na minha caixa de spam, enquanto procurava algumas coisas importantes que foram parar l√°. |S|Golpe banc√°rio
73|178|"Recebi essa mensagem por whatsapp, at√© estou com uma encomenda por importa√ß√£o, mas ela est√° vindo por correio. Algu√©m j√° recebeu algo assim? O n√∫mero que mandou tem o c√≥digo +1...

At√© meu endere√ßo eles citaram, e est√° realmente certo."|S|Cibercrime
75|182|Hoje t√° um dia podre, n√£o √© nem 15h e j√° √© o terceiro golpe. Os outros dois foram perfis falsos no insta mandando foto gerada por ia e link do OnlyFans pra eu me inscrever. |S|Golpe banc√°rio
77|184|"Comprei um Whisky Red Label e o Whisky chegou sem a caixa original.

Produto vendido e entregue pela Amazon Brasil.

Tamb√©m tenho d√∫vida em outras bebidas como Refrigerantes, energ√©ticos e produtos aliment√≠cios. 
"|S|Cibercrime
78|185|Ol√°! Sou um pesquisador na √°rea de prote√ß√£o de dados e governan√ßa da internet e vou dar algumas dicas important√≠ssimas para a seguran√ßa online de voc√™s. Da forma mais breve poss√≠vel, existem medidas que s√£o amplamente conhecidas mas que sempre √© bom lembrar, como o uso de VPN em sites ou redes que voc√™ n√£o tem certeza da seguran√ßa, o uso de autenticadores em sites para a cria√ß√£o de senhas aleat√≥rias e SEMPRE fa√ßam a autentica√ß√£o em 2 fatores quando o aplicativo ou site d√° a op√ß√£o, especialmente no Google e/ou contas que envolvem aplicativos do Meta. Fiquem ligados se o e-mail de voc√™s foi alvo de vazamento de dados em sites como o Have I Been Pwned ou at√© mesmo em servi√ßos do Google One ou do pr√≥prio Serasa (sim! O Serasa tem uma ferramenta que informa se houve vazamento de CPF e afins na Dark Web). Por √∫ltimo, SEMPRE questionem tudo online, por mais que pare√ßa o mais √≥bvio poss√≠vel, questionem um pr√™mio que voc√™ foi sorteado, um e-mail suspeito de vazamento e afins, especialmente com coisas RELATIVAS AO GOVERNO, grande parte dos √≥rg√£os estatais e das institui√ß√µes p√∫blicas evitam se comunicar por e-mail ou outros meios que n√£o sejam carta f√≠sica, ent√£o questione sempre o e-mail ou mensagem de d√≠vida que voc√™s receberem.|S|Golpe banc√°rio
79|187|cara n√£o sei pq mas umas cl√≠nica de botox ficam me mandando mensagem, fiquei t√£o bravo hj que acho q assustei o cara kkkkkk |S|Outros
80|188|"Ok, esse me surpreendeu porque me enviaram mensagem no WhatsApp, contendo meu nome, CPF e endere√ßo corretos. Cliquei no link (o que eu n√£o deveria ter feito, mas s√≥ notei depois) e no site estava meu nome completo e data de nascimento corretos. Estou passada. O golpe seria para pagar suposta taxa da alf√¢ndega para uma encomenda, mas n√£o diz qual. Por isso percebi que √© golpe, j√° que eu n√£o estou esperando nenhum pedido internacional. Olhando de perto, o nome da pessoa que est√° enviando a mensagem e o link na descri√ß√£o do contato s√£o referentes a uma pessoa real e ao site real dessa pessoa, mas que n√£o tem nenhuma rela√ß√£o com a jadlog.

https://preview.redd.it/zgxeq0s1n43f1.png?width=710&amp;format=png&amp;auto=webp&amp;s=a33a549062930332f8eba21e352a6501a5ca049a

https://preview.redd.it/bxk5e3k2n43f1.png?width=720&amp;format=png&amp;auto=webp&amp;s=63440d50da9482cece8e04f84cb3bf110ce1fba8

"|S|Golpe banc√°rio
81|190|"H√° um tempo sigo pagina How Ridiculous no Face e YouTube, conte√∫do deles n√£o yem muita utilidade √© quase um Jackass mas num n√≠vel muito menos imbecil kkkk, s√≥ quebrando coisas do alto basicamente.
Outro dia comentei num post que eles lan√ßaram ""essa frase que ele disse √© muito um Foi o que ela disse (quem viu The Office vai saber doq t√¥ falando)"" passado uns dias um dos ""integrantes"" respondeu meu coment√°rio e pediu p eu chamar ele no PV. Achei esquisito mas ok. 
Chamei ele, me apresentei, falei um pouquinho de mim, nada que pudesse me prejudicar √≥bvio. Me perguntou h√° quanto tempo eu seguia o conte√∫do deles, se era um seguidor envolvido, perguntou se j√° participei de algum sorteio deles (fosse em portugu√™s poderia meter a piada cl√°ssica da 5a s√©rie kkkkkkk). No final o cara me pediu para enviar uma foto, da√≠ que a casa caiu kkkkkkkk fui ver com aten√ß√£o o perfil e n√£o tinha porra nenhuma a n√£o ser foto de capa com os integrantes da p√°gina e no perfil s√≥ o logo deles e vazio de feed. Perguntei ent√£o:  como poderia saber que n√£o √© um golpe? Ao que ele respondeu: n√£o praticamos golpes aq (üòåü§öüèª) #achaquesouotario pedi ent√£o p ele mandar uma foto com colher em cima da cabe√ßa, no que recebi como resposta um belo block kkkkkkkkkkk
Alerta real aos pais das crian√ßas e adolescentes que ficam na internet, fiquem muito atentos a isso pois como aconteceu cmg pode acontecer com qualquer um"|S|Outros
82|195|"J√° vendi algumas coisas pelo entrega f√°cil da OLX, mas j√° tem quase 2 anos, e foi antes de eu quase cair em um golpe (aquele que o comprador pede o seu email), que foi quando descobri esse sub porque fui pesquisar se isso era normal (sa√≠ fora da venda e achei outro comprador e deu tudo certo).

Desse per√≠odo pra c√° n√£o vendi mais nada, e como continuei acompanhando o sub eu estou bem mais paranoico que antes kkkkk.

Ent√£o, algu√©m aqui chegou a ter problemas vendendo usando o Garantia OLX + Entrega f√°cil? √ìbvio fazendo tudo pela plataforma, filmando o produto funcionando antes, colocando na embalagem, confirma√ß√£o de pagamento somente pelo app, etc?

Obrigado!"|S|Outros
84|200|Golpistas tentando fazer portabilidade do meu n√∫mero, como proceder?|S|Golpe banc√°rio
85|201|tentei comprar um produto pelo enjoei por pix, e quando coloquei o pix copia e cola deu alerta de golpe. devo progredir?|S|Golpe banc√°rio
89|209|Mandou eu criar conta na casa de aposta(esportiva bet) e verificar tudo que pedia pra verificar na plataforma. √â golpe? Como funciona? Por que ele n√£o joga na conta dele e fica com 100%?|S|Golpe banc√°rio
90|212|"**Boa tarde amigos. Venho hoje explicar como funciona esse ""novo"" golpe da OLX pay.**

Meu amigo anunciou um MacBook Air M1 na olx e **ativou a OLX Pay pra facilitar a venda.**

Um comprador (golpista) se interessou pelo produto e pediu fotos e videos do produto para verificar a condi√ßao do MacBook.

**Em resumo, a OLX Pay contrata os Correios e entre outras empresas de logisticas para facilitar o envio e a seguran√ßa da compra.**

**---------------------------------------**

**Como funciona o golpe em que meu amigo quase caiu.**

**O golpista pelo WhatsApp avisou que ""comprou"" o produto** e enviou **Prints Falsos do pagamento e que o dinheiro cairia na Carteira OLX** do meu amigo.

Apos esse aviso, **um usuario da OLX Com o nome de** **""CHAT ONLINE""** chamou meu amigo Leo **dizendo que o a venda tinha sido feita** e o **dinheiro estaria na Carteira OLX em pouco tempo.**

Alem disso no proprio **""CHAT ONLINE"" ele foi avisado que um motoboy iria buscar o MacBook do meu amigo na casa dele** (assim como o Correios) e enviar para o Golpista.

Por **EXTREMA SORTE** meu amigo tinha acabado de sair de casa e nao conseguiu encontrar o motoboy (que provavelmente nao deveria saber que estava participando de um golpe)

**---------------------------------------**

**Entao respectivamente, o golpe ocorreu nesta sequencia:**  
\-Golpista interessado chamou meu amigo  
\-Golpista disse que realizou a compra  
\-Golpista enviou Prints falsos do pagamento pelo Whats  
\-Golpista entrou em contato com meu amigo pela OLX com o nome de CHAT ONLINE  
\-Golpista se passou por um Sistema Autonomo de mensagens da OLX para deixar o golpe mais convincente  
\-Golpista se passando pelo CHAT ONLINE disse que o dinheiro pago estaria na Carteira OLX do meu amigo em breve.  
\-Golpista contratou um Motoboy para buscar o produto na casa do meu amigo  
\- O golpe acabou por ai por sorte, Porem caso o produto chegasse na casa do Golpista, o proprio desativaria todas as contas e bloquearia meu amigo no Whats apos a conclusao do golpe.

**Em Resumo:** Esse golpe parece ser realmente facil de detectar porem era a primeira venda do meu amigo na OLX e ele nao tinha nenhuma experiencia com a OLX.  
Porem eu mesmo que ja vendi muita coisa pela OLX nao sabia desse golpe, pois eu sempre vendi sem a OLX pay e vendia os produtos pela minha regiao e entregava-os presencialmente.

**SEGUE AS FOTOS DO ""CHAT ONLINE"" e IMAGENS FALSAS DO GOLPISTA FAZENDO O PAGAMENTO:**

https://preview.redd.it/ux83gqcjgl2f1.png?width=789&amp;format=png&amp;auto=webp&amp;s=9d1ec260a720109dec0dde5621615927f44341ed

https://preview.redd.it/7ihxopcjgl2f1.jpg?width=1092&amp;format=pjpg&amp;auto=webp&amp;s=67a473a51b73e17e923c4b978fa34ebddaab2a2b

https://preview.redd.it/uz2wapcjgl2f1.jpg?width=739&amp;format=pjpg&amp;auto=webp&amp;s=da64c6db2db3bdd1580254f8075fe0bf0380461b

https://preview.redd.it/1gf96rcjgl2f1.jpg?width=739&amp;format=pjpg&amp;auto=webp&amp;s=9e2a54009ee5d3f2d443a52cb573e4c54861cc62

https://preview.redd.it/yl86spcjgl2f1.jpg?width=739&amp;format=pjpg&amp;auto=webp&amp;s=e13878d8225467eb42f8313e2825f099b932b25c

https://preview.redd.it/ti57ppcjgl2f1.jpg?width=739&amp;format=pjpg&amp;auto=webp&amp;s=0952d6999cb3223d65cffc1c6e4b3976190fc540

https://preview.redd.it/ds2wgpcjgl2f1.jpg?width=739&amp;format=pjpg&amp;auto=webp&amp;s=860a9e69dd87212da5136023dc1b32b72dabfb4a

**SEGUE AS FOTOS DO ""CHAT ONLINE"" e IMAGENS FALSAS DO GOLPISTA FAZENDO O PAGAMENTO:**"|S|Golpe banc√°rio
91|217|"Ter√ßa feira comprei dois pares de t√™nis por um site. Eles foram enviados por uma tal de FastLog Express, ent√£o estranhei essa mensagens dos ""correios"".
Olhei pelo c√≥digo de rastreio que a pr√≥pria empresa e me deu e o pacote foi enviado normalmente esses dias, sem nenhum aviso pedido pra regularizar algo.
Provavelmente √© golpe n√©?"|S|Golpe banc√°rio
93|219|"Apareceu para mim um anuncia deles para tentar dar entrada em uma bolsa de estudos em um curso de ingles. Pediram documentos e alguns dados e queriam que eu fechasse naquele exato momento a compra de um material de R$1440,00. Gostaria de saber se alguem teve alguma experiencia com eles e se pode me dizer se s√£o de confian√ßa. Fiz algumas pesquisas, mas n√£o achei nada muito conclusivo.  
Raz√£o social do curso Go Idiomas LTDA e da empresa que da a bolsa AB BRASIL LTDA - EPP (LIDENG ATACADO E VAREJO)"|S|Cibercrime
96|225|"Tem uma galera caindo, parece super leg√≠timo mas cobram uma taxinha no final.

DESCONFIEM DE VAGAS SEM ENTREVISTAS COM UMA PESSOA REAL.
"|S|Golpe banc√°rio
97|228|"Anivers√°rio da minha m√£e, e mandei mensagem pra ela pra avisar do golpe. O pior √© que ela n√£o queria acreditar que era golpe... e mais tarde ela veio de novo falar disso comigo pq ainda n√£o tava acreditando... Pq eles s√£o assim?? Kkkk

Eu s√≥ fiquei pensando em como que eles conduzem o golpe se a pessoa escolhe a op√ß√£o da loja f√≠sica."|S|Outros
98|232|"Apareceu esse an√∫ncio no Instagram que me redirecionou a um site da Vivo, era tudo muito fidedigno e me convenceu, fiz teste, pediu umas informa√ß√µes, mostrou contrato, enfim. No final do processo pediu um pagamento para envio de equipamentos para o home office no valor de 29,90, suspeitei mas paguei. No fim de tudo o site ficou nesse loop de pagar esse valor por pix. 

J√° acionei o banco que sofri um golpe, a quest√£o √©: existe alguma chance de recuperar esse valor? 

Felizmente foi pouco... "|S|Golpe banc√°rio
100|237|"Sei que a Oi foi vendida sim para a Nio, mas pelo que sabia n√£o era para mudar nada.

Enfim, o portugu√™s levemente suspeito me fez ficar encucada. Ent√£o, √© golpe?"|S|Outros
104|245|Em algum momento o bot vai passar a conversa pra um humano?|S|Cibercrime
105|248|"Ol√°! N√£o √© de hoje que todos n√≥s estamos meio paranoicos com golpe, ent√£o me desculpa se a pergunta for meio burra, mas existe algum golpe que possa ser aplicado com a sua chave pix? (sem ser CPF ou telefone).

Mas no geral √© o seguinte, comprei um fone da QCY um tempo atr√°s que come√ßou a apresentar falhas no lado direito, pesquisei para ver se existia algo que a assist√™ncia t√©cnica poderia fazer e descobri que eu poderia pedir a troca do produto. Entrei em contato com a loja pela plataforma do mercado livre e expliquei a situa√ß√£o, me atenderam com o procedimento padr√£o de pedir pra fazer a restaura√ß√£o de f√°brica e bl√°-bl√°-bl√°... enfim, falei que ainda estava com problema e eles pediram minha chave pix para extornar o valor. Eu fiquei com o p√© atr√°s pois existe uma empresa falsa da qcy aqui no Brasil que se passa pela marca (e que inclusive tem mais seguidores que a marca original no Instagram, vou deixar o link de uma reportagem da UOL nos coment√°rios) e tamb√©m porque o mercado livre n√£o incentiva passar nenhum tipo de informa√ß√£o pessoal para o vendedor j√° que a transa√ß√£o √© feita pelo pr√≥prio site."|S|Outros
107|251|"Ol√°.

Eu estou prestes a fazer uma venda pelo OLX.

O pagamento vai ser pela plataforma e a entrega tamb√©m.

S√≥ que eu to aqui pensando de que quando o produto chegar na casa do cliente, ele possa alegar que veio com defeito fazer devolu√ß√£o e quando chegar aqui, ser um tijolo.

Isso √© poss√≠vel de acontecer?"|S|Outros
110|256|"N√£o √© a primeira vez que me ligam com esse robo falando ""Uma compra de ""tantos"" foi aprovada em seu cart√£o nubank, se voc√™ n√£o reconhece digite 1."" Eu nunca havia aceitado, at√© pq o golpe √© obvio...

Por√©m, hoje eu estava com tempo ocioso e resolvir digitar o 1, para ver at√© onde ia essa brincadeira... Resumo: Algu√©m assumiu a chamada e pediu para eu aguardar uns segundos, passado uns 5seg me perguntou, eu falo com ""Meu nome completo""? e eu sem pensar s√≥ respondi ""Isso"", na sequencia eles j√° desligaram... 

H√° alguma possibilidade de eles fazerem algo somente com essa informa√ß√£o? Se sim, que tipo de fraudes eles podem fazer? "| S| Outros
113|260|T√¥ olhando uns notebooks l√° e pensando em comprar. Mas nunca comprei l√° antes. T√¥ pesquisando aqui sobre os poss√≠veis tipos de golpe que podem ocorrer por l√°. Quais os riscos que voc√™s acreditam que existe ao comprar por essa plataforma?? Costumam comprar por l√°?? |S|Golpe banc√°rio
117|274|"Oi! 
Semana passada uma amiga entrou em contato pedindo dinheiro para fazer a cirurgia urgente da cachorrinha dela. Ela estava no veterin√°rio e o cart√£o n√£o queria passar.
Pois bem, pediu um pix de quase 2k, e eu pedi para confirmar que era ela, e ela enviou √°udio afirmando, e depois dizendo que ia me pagar em seguida.

N√£o pensei direito na hora, acabei fazendo esse m4ldit0 pix e no dia seguinte fui cobrar. Ela ent√£o disse que sofreu um sequestro rel√¢mpago e que foi obrigada pelos assaltantes.

Sei que fui idiota e agi por impulso, e de verdade quero acreditar que essa hist√≥ria seja verdade, por√©m tem alguns ind√≠cios que mostram o contr√°rio:

- ela s√≥ falou do sequestro porque eu chamei no dia seguinte, ou seja, n√£o teve iniciativa;

- na mensagem de √°udio aparentava estar calma;

- alegou que sofreu o sequestro indo para a faculdade, enquanto uma outra colega (mais amiga dela do que minha) disse que foi voltando (elas n√£o estavam juntas, mas essa minha amiga contou);

- disse que quebraram o celular dela e que estava pelo WhatsApp web, por√©m trocou a foto do perfil recentemente;


- disse que deixaram ela em uma favela pelo bairro, j√° a colega disse que foi numa favela longe de casa;


- no √°udio afirmou que foi na delegacia fazer o B.o, mas o B.o que me enviou (s√≥ por que eu pedi) foi feito online;


- quando pedi o extrato, me enviou o print do valor que mandei entrando na conta dela, mas na verdade o extrato que eu queria era da conta dela indo para o assaltante (e como ela conseguiu o print se quebraram o celular?)
Sobre o extrato enviando o valor pros caras, disse que o app estava bloqueado mas que iria tentar me enviar.


Para fechar, mandei uma mensagem hoje cedo, que at√© agora sequer foi visualizada.


Por favor, me deem dicas.

Abra√ßos de uma pessoa desesperada"|S|Golpe banc√°rio
118|275|"Minha pais s√£o aposentados. Hoje atendi a liga√ß√£o de uma mulher do banco BMG falando que minha m√£e tem um cart√£o dispon√≠vel. A√≠ falei que ela n√£o tinha conta nesse banco e ela desligou. 

Minha m√£e falou que eles ha incomodam h√° mais de um ano. Eu bloqueio o n√∫mero e volta sempre outros."|S|Golpe banc√°rio
119|276|Estou com um an√∫ncio de uma moto na olx e recebi a seguinte mensagem. J√° vi muitos relatos aqui de pessoas falando que comprariam o ve√≠culo para outras pessoas, mas esse caso me deixou em d√∫vida, chequei a loja e existe no endere√ßo mencionado, a conta da olx √© antiga. O que acham? Como poderia me prevenir caso eu de sequ√™ncia na conversa?|S|Golpe banc√°rio
120|277|Gente, veia esse perfil no meu telegram a um m√™s atr√°s. Respondi e me respondeu que queria comprar meu username no telegram. Tenho certeza que √© golpe, mas como ele funciona? (n√£o reparem no meu p√©ssimo ingl√™s, eu tava pegando do google tradutor)|S|Golpe banc√°rio
121|278|"Provavelmente algum meliante clonou meu cart√£o e fez compras online (Lupo e DrogariasSP)

O engra√ßado √© que ele fez cadastro nas lojas com meu nome completo, telefone e email ai colocou endere√ßo dele...

Sabem por que isso?

Ele comprou de madrugada e fui ver os emails da DrogariasSP (nao tinha conta la antes e ele nao acessou meu email, conferi no log)

Uma das lojas da Lupo entrou em contato comigo perguntando se poderia entregar hoje a√≠ falei que era golpe e ela tamb√©m acionou o SAC da empresa (tamb√©m n√£o entendi nada ele ter colocado meu telefone)"|S|Golpe banc√°rio
122|279|algu√©m ja processou o face por conta de golpe no wpp? h√° chances de ganhar? pedi que me passassem os dados do golpista e negaram, juiz ordenou que cumprissem o pedido mas fica em um enrola√ß√£o, algu√©m ja ganhou esse tipo de processo? ser√° que tenho chances de recuperar uma grana alta com danos morais? ou multa por eles n√£o cumprirem o pedido do juiz.|S|Cibercrime
123|280|"AVISO DE INDENIZA√á√ÉO POR FUNDOS RECUPERADOS DE GOLPE=

PREZADOS BENEFICI√ÅRIOS [US$ 950.000,00]:
Temos o prazer de informar que o FBI, em colabora√ß√£o com o Governo Europeu (EUG), recuperou com sucesso milh√µes de d√≥lares de golpistas, a maioria operando na √Åfrica. Durante as investiga√ß√µes, seu endere√ßo de e-mail e nome de usu√°rio foram encontrados no disco r√≠gido de um desses golpistas"|S|Outros
125|287|"Oi pessoal, preciso de uma ajuda para entender melhor uma situa√ß√£o envolvendo registro de marca no INPI. Descobri que uma empresa aparentemente desativada deu entrada em um pedido de registro de uma marca que j√° usamos h√° um tempo. O nome fantasia dessa empresa n√£o tem semelhan√ßa com o nosso, mas ainda n√£o consegui verificar a data exata em que o pedido foi feito.  

Pesquisei sobre o N√∫mero de protocolo e de fato existe, por√©m fui abordado pelo WhatsApp, com um prazo de 6 dias, n√£o consigo confirmar se a pessoa que falou comigo de fato trabalha na INPI e tenho medo de ser algum tipo de golpe ou algo assim, √© possivel?"| S| Golpe banc√°rio
127|289|"tava negociando esta venda e ent√£o ele me disse que o paypall bloqueou minha conta e que eu tenho que depositar mais 100 dolares para poder receber essa grana, isto √© real ou n√£o?



https://preview.redd.it/gimberpjyr1f1.png?width=220&amp;format=png&amp;auto=webp&amp;s=b863047145e3a0cd616c714b3c0725940fdbcae0

  
"| S| Golpe banc√°rio
129|294|"Ontem, por volta do meio-dia, meu pai recebeu uma liga√ß√£o em que a pessoa sabia o nome completo dele e alguns dados pessoais. O suposto interlocutor se identificou como integrante do Comando Vermelho (CV) e disse que estavam cobrando uma ""taxa de resid√™ncia"" ‚Äî um valor fixo de R$ 3.000 por ano para resid√™ncias e R$ 10.000 para empresas. Durante a liga√ß√£o, fizeram diversas amea√ßas e disseram que conheciam a nossa fam√≠lia.

Infelizmente, meu pai ficou ref√©m psicologicamente da situa√ß√£o. Eles citaram o endere√ßo da nossa antiga casa (nos mudamos recentemente), que fica ao lado de um galp√£o que tamb√©m nos pertence. No port√£o desse galp√£o est√° escrito o nome da nossa empresa. Por isso, acreditamos que os criminosos usaram informa√ß√µes vis√≠veis ou p√∫blicas para dar mais credibilidade ao golpe.

Apesar de esperarmos que tenha sido ‚Äúapenas‚Äù um golpe, ainda estamos assustados. Al√©m do nome da empresa, havia tamb√©m um dos nossos carros estacionado na frente dessa antiga casa, com a placa vis√≠vel para a rua. Na liga√ß√£o, os criminosos deram a entender que acreditavam que ainda moramos l√°, amea√ßando invadir a resid√™ncia.

Eles utilizaram um n√∫mero com DDD da nossa cidade, o que contribuiu para aumentar o medo. Pressionado, meu pai acabou fazendo um primeiro PIX com um valor menor do que o cobrado. Pouco tempo depois, eles ligaram novamente, insistindo em mais cobran√ßas e o amea√ßando psicologicamente mais uma vez. Ele ent√£o fez um segundo PIX e, depois disso, decidiu desligar o celular, permanecendo o resto do dia incomunic√°vel.

Hoje, ele ligou o celular novamente, mas n√£o havia mais chamadas perdidas nem mensagens. Estamos abalados com tudo isso, especialmente porque a rua onde mor√°vamos realmente era perigosa, e n√£o sabemos ao certo o que pensar agora.

Por favor, precisamos de orienta√ß√£o e ajuda.

"|S|Golpe banc√°rio
132|298|"Hoje (19/05) 

Varias pessoas receberam um e-mail da empresa EGS Sistemas que tenta maliciosamente se passar por um e-mail oficial da Receita Federal. O e-mail possui um link que redireciona o usu√°rio a um site falso que tenta maliciosamente se passar por um site oficial do governo e pede dados e login no portal Gov. A Empresa EGS Sistemas √© aparentemente uma empresa real que fornece servi√ßos de emiss√£o de nota fiscal entre outros e possui diversas reclama√ß√µes no Reclame Aqui. 

Avisem seus parentes e amigos e caso recebam o e-mail, fa√ßam uma denuncia na Receita Federal.   
"|S|Golpe banc√°rio
133|299|"Motorista agiu de m√°-f√©.

O motorista agiu de m√°-f√©. Solicitei um Uber para um amigo, mas, no meio do trajeto, o motorista alterou a rota sem consult√°-lo. Meu amigo percebeu, mas n√£o falou nada, pois alguns motoristas costumam fazer rotas alternativas. No entanto, ele notou que o motorista estava usando outro aplicativo de GPS e, no final, encerrou a corrida em um endere√ßo que ficava a 17 minutos do destino correto.

Quando fui verificar no app, o endere√ßo da viagem constava como correto. Mas, ao fim da corrida, meu amigo pediu ao motorista que o levasse at√© o endere√ßo certo. Quando chegaram, o motorista perguntou quanto ele poderia pagar, j√° que a corrida j√° estava paga. Ele disse que n√£o colocaria um valor e que meu amigo poderia pagar o que achasse justo, alegando que tinha feito uma ""boa a√ß√£o"" por corrigir a rota.

Na minha opini√£o, o motorista fez isso de prop√≥sito para ganhar um valor extra. Durante todo o trajeto, ele ficou conversando com meu amigo e, ao chegar no bairro, dizia que conhecia fulano que morava na mesma rua.

Acionei o suporte da Uber e estou aguardando retorno. O que voc√™s acham disso?



Edit-
Atualiza√ß√£o

Consegui resolver o problema. A empresa ajustou o valor da corrida para R$19,99 e far√° o reembolso do valor pago a mais. Foi uma exce√ß√£o, mas deu tudo certo..




"|S|Outros
135|304|"Recentemente minha irm√£ recebeu uma liga√ß√£o de amea√ßa, a pessoa afirmava ser um traficante no bairro dela e que iria mata-la porque ela denunciou ele. O cara sabia o nome dela e at√© o endere√ßo. Ela desesperada fugiu para c√°. 
Fiz umas pesquisas e acho que se trata de um golpe, mas minha irm√£ n√£o est√° convencida pois n√£o pediram dinheiro, apenas fizeram a amea√ßa.

Sobre a hip√≥tese dela realmente estar sendo amea√ßada pelo crime organizado, ela me falou que n√£o sabe se acontecem atividades ilegais l√°, muito menos fez alguma denuncia. Mas ela ainda est√° assustada. "|S|Golpe banc√°rio
137|309|"Basicamente o t√≠tulo. Estou desempregado h√° 1 ano e meio e as coisas est√£o bem dif√≠ceis. J√° vendi um monte de coisa minha e depois de um bom tempo decidi vender meu PS5 tamb√©m. Estou sem cabe√ßa pra jogar e constatei que uns 3000 na minha conta valem mais do que um console parado. 

Pois bem, quarta uma mo√ßa veio aqui retirar o console e me pagou em nota. Estranhei um pouco mas eu e meu primo est√°vamos com um pouco de pressa pra sair pra um compromisso, ent√£o s√≥ chequei o b√°sico e imaginei que deveria ser verdadeira. A pressa me fodeu. Eu devia ter falado que s√≥ aceitava pix. Devia ter recusado as notas. 

Estou aqui p√≥s tentativa de suicidio e passar uma madrugada inteira no pronto socorro. Eu precisava desse dinheiro pra aguentar mais um tempo at√© aparecer uma vaga pra mim. No momento eu s√≥ consigo pensar em me dopar e dormir a maior parte do dia. 

Eu sei que fui burro pra caralho, mas enfim. N√£o sei mais o que fazer da vida. Ainda afastei pessoas importantes pra mim com minha rea√ß√£o a isso. Tudo est√° ruindo. "|S|Cibercrime
138|310|√â pessoal, acho que ela n√£o quis meus servi√ßos como guia tur√≠stico e acabou me bloqueando üòî|S|Golpe banc√°rio
139|311|"Comprei um celular para minha namorada na minha conta da Amazon. Botei o contato dela pois ela que vai receber o produto.

O celular ainda n√£o foi enviado, mas ela recebeu uma mensagem da loja via Whatsapp dizendo pra ela cancelar o pedido pois eles n√£o fazem envio para o nosso estado. Falaram que tem essa observa√ß√£o na loja deles, mas eu acabei n√£o vendo antes de compra (o m√°ximo que eu vi foram as avalia√ß√µes do produto em si).

Ser√° que pode dar algum problema se eu cancele? A loja pedindo para o cliente cancelar o produto ao inv√©s dela mesma cancelar √© errado?"|S|Outros
142|320|"Quando eu trabalhava como caixa h√° uns meses em um supermercado eu tomei um golpe onde at√© agora n√£o consegui entender.

Surgiu um sujeito e pediu uma √°gua e me deu uma nota de 100, cobrei certinho e conferi que a nota √© verdadeira. O problema √© que depois ele pediu a nota de novo e mandou eu trocar por duas de 50. Me entregando as notas de 50, depois ele pediu uma das notas de 50, e mandou eu trocar por uma de 10 e duas de 20 que ele me entregou em seguida.

Fiquei trocando o dinheiro dele por muito tempo at√© que no final ele me entregou uma de 10 e disse, cobra uma coca latinha agora. Cobrei e ele foi embora.

N√£o entendi nada daquilo, mas tenho certeza que tomei preju√≠zo, at√© pq uma semana depois ele voltou e tentou trocar o dinheiro de novo, mas dessa vez eu fui direto e falei que n√£o iria trocar se ele quisesse pegar a √°gua novamente ele teria que me pegar e aceitar o troco que eu ia entregar, acabou que ele foi embora sem comprar.

Como funciona esse golpe?"|S|Golpe banc√°rio
143|322|Aten√ß√£o pessoal, golpe muito bem feito, e eles s√≥ aceitam no Pix t√° kkkkk. Fiquem mega atentos com o golpe de delivery de sushi. Achei estranho por conta que os perfis de prova de vida nos stories tinham apenas duas fotos e postadas 8h atr√°s s√≥. Depois fui ver no reclame aqui e apareceu uma galera que levou pino. Ainda bem que olhei direito, sen√£o era mais um.|S|Outros
144|325|"primeiro ela me mandou mensagem usando a foto de perfil de uma crian√ßa, acredito fingindo ser o perfil dela. (tinha uma frase do nietszche na biografia do whatsapp mas eu duvido que crian√ßa colocaria isso) no computador a foto de perfil tava diferente (n√£o tinha carregado ainda a nova foto) e era de uma mulher. n√£o respondi porque esse ddd √© de bem longe de mim e as mensagens temporadas est√£o ligadas.

na segunda ela esperou as mensagens apagarem sozinhas, trocou a foto de perfil pra da mulher que tava antes e me perguntou de bermuda e eu nao tenho loja nenhuma, ate pq meu ddd √© de outro estado e nao faz sentido ela querer comprar de mim

na terceira vez, ela me perguntou de amante, acredito que ela v√° apagar as mensagens como se eu tivesse mandado mensagem pra ela primeiro e me pedir dinheiro ou falando que to arrumando homem pra mulher de algu√©m envolvido. 
achei engra√ßado ela ter usado o mesmo n√∫mero todas as vezes e s√≥ ter trocado a fotokkkkkkkk"|S|Golpe banc√°rio
145|329|"Vou tentar explicar: Trabalho em uma loja onde temos muito mais vendas online do que presencial. Essa semana, na loja online, ca√≠ram diversos pedidos de produtos de valor alto, um seguido do outro, onde todos eram do mesmo local (Ribeir√£o Preto), mas de bairros diferentes. Algumas dessas compras foram recusadas pela intermediadora de pagamento e outras passaram. Avisei meu superior e a equipe de expedi√ß√£o de que estava estranho isso... mas enviaram os produtos do mesmo jeito. Eis que agora est√£o aparecendo varias pessoas dizendo que receberam o produto na casa delas, mas que n√£o compraram nada e que ir√£o devolver e abrir B.O. 
E ontem mesmo apareceram mais outras compras, uma seguida da outra, de valores bem altos tamb√©m, s√≥ que de outro local (Guarulhos). E a mesma hist√≥ria... apenas o bairro muda. Algumas compras foram aprovadas tamb√©m.

Mas √© estranho pensar em algu√©m roubando os dados de algu√©m pra efetuar a compra... e pedindo pra entregar no endere√ßo da pr√≥pria pessoa? Porque teve uma que entrou em contato dizendo que recebeu, mas que no cart√£o dela n√£o contava nenhuma compra, e que iria devolver o produto porque outra pessoa foi lesionada pela compra. Ou isso tudo √© proposital e todos os envolvidos fazem parte de algum esquema?
N√≥s j√° sofremos alguns golpes, mas desse tipo √© a primeira vez. Algu√©m sabe de algo?"|S|Golpe banc√°rio
146|330|Nice try, Diddy. N√£o dessa vez, golpistas de merda! |S|Golpe banc√°rio
147|334|Criei um e-mail s√≥ para colocar no cadastro, j√° que nada de bom vem nessas coisas p√∫blicas. |S|Golpe banc√°rio
148|341|"Uma pessoa da minha fam√≠lia me ligou hoje me pedindo 45 reais para pagar um ‚Äúinvestigador‚Äù que soltaria provas do marido dela. Achei estranho, mas aceitei ajudar. A √∫nica coisa que perguntei antes foi se ela conhecia essa pessoa e ela me respondeu que foi um contato que recebeu de uma pessoa conhecida que trabalhou com ela.

Pois bem, na hora da transfer√™ncia, fiz a burrada de fazer com o meu cart√£o que daria acesso a ele a v√°rias informa√ß√µes minhas, al√©m do app do banco indicar que poderia ser golpe. Tirei print da tela e mostrei pra ela, que enviou para a pessoa e que retornou com um √°udio dizendo que eu poderia terminar a transfer√™ncia e que aquilo era s√≥ um protocolo de seguran√ßa‚Ä¶

Estava na correria do dia e achei que tava ‚Äútudo bem‚Äù. Ap√≥s ela enviar o comprovante para ele, pediram para ela aguardar e at√© agora nada de enviarem nada.

Um certo momento antes da transfer√™ncia ela perguntou se eu sairia de casa hoje e falei que sim. Eu n√£o sei o motivo dessa pergunta, mas me deixou com medo de sair de casa. N√£o estou com um bom pressentimento dessa hist√≥ria e eu que sempre tomei cuidado, me envolvi nessa poss√≠vel enrascada.

O que voc√™s acham?

"|S|Outros
150|345|"Sempre tive o costume de comprar roupa em brech√≥s, bazares ou lojas alternativas atrav√©s do instagram. Moro numa regi√£o onde esse tipo de roupa n√£o se encontram facilmente.

Achei essa loja e tinha v√°rias pe√ßas maravilhosas, por um pre√ßo normal de mercado.


De primeira parecia confi√°vel, a vendedora postava stories das pe√ßas e at√© alguns prints de clientes satisfeitas.


Selecionei algumas pe√ßas, o m√©todo de vende era pagar a primeira parte logo na compra, e a outra parte no ato da entrega.

Paguei a primeira parte e exatos 30 dias depois paguei a segunda parte esperando que qs roupas seriam entregues no dia.

Vendo que n√£o seria entregue, e que o atendimento ao cliente era p√©ssimo, pedi o reembolso.


A vendedora disse que o ""fornecedor"" das pe√ßas entraria em contato

Uma conta aleatoria (que parecia mto fake inclusive) me mandou mensagem, pedindo varios dados sensiveis, dizendo q faria o reembolso atrav√©s de TED. Eu recusei, pois paguei em pix e queria o reembolso em pix.


A ""fornecedora"" disse q faria o TED para a loja e a loja me faria o pix.


N√£o tive mais nenhuma resposta de ambas as contas.


Depois mandei mensagem para o n√∫mero do qual fiz o primeiro pix, a mulher mandou essa mensagem do print. Ela apagou a chave pix relacionada ao n√∫mero.


O segundo pix que fiz, foi para um email, do qual tamb√©m foi excluida a chave pix relacionada. Ap√≥s isso ela me bloqueou.


J√° prestei boletim de ocorr√™ncia, e apesar de saber que n√£o irei mais recuperar esse dinheiro, estou divulgando a conta dessa golpista para outras contas de brechos, para que tentem divulgar essa loja golpista.


Tenho o nome completo da golpista, rg, alguns documentos, sei a conta do insta pessoal dela e a cara dela. E de alguns membros da familia. Gostaria de tomar alguma provid√™ncia legal, mas sei que no pais da impunidade as autoridades fazem √© rir de quem √© v√≠tima de golpistas."|S|Outros
152|349|Beleza galera, to vendendo meu carro e pretendo usar a transfer√™ncia digital que tem no app da Carteira Digital de transito, pelo que vi √© bem simples de fazer, alguma dica ou conselho para evitar cair em um golpe? Receber o dinheiro em uma conta e j√° passar para outra? Algo assim?|S|Fraude
153|356|"Logaram o whatsapp da minha tia em outro aparelho e mandaram mensagens pedindo dinheiro aos contatos. Ela n√£o conseguiu mais usar o WhatsApp no celular dela. O mais incr√≠vel √© que o golpista mandava √°udios com a voz da minha tia para as pessoas. Um pouco antes de come√ßar as mandan√ßas de mensagens, minha tia recebeu uma liga√ß√£o, falando que era da secret√°ria da Cultura, dizendo que ela ia ter uma aula com uma pessoa, e o nome era de uma pessoa que realmente trabalha na Secret√°ria, o meliante ficou falando com ela por alguns minutos, e gravou o que ela falava, dessa forma ele conseguia ""provar"" para as pessoas que era minha tia.
O que fiquei na d√∫vida foi, ser√° que foi clonado o whatsapp, o chip ou o celular?
Devo cancelar o chip? Restar o celular? Se tiverem  alguma dire√ß√£o a ser tomada, agrade√ßo."|S|Outros
154|357|"√â uma not√≠cia bastante satisfat√≥ria saber que est√£o investigando e prendendo golpistas, embora muitos n√£o ser√£o pegos... Eis o t√≠tulo da mat√©ria completo:

Homem √© preso por criar p√°gina falsa em golpe com Mion e voucher do Outback

Resumo:

Um homem foi preso por criar uma p√°gina falsa que prometia desconto em rede de restaurante e contava ainda com um v√≠deo deepfake do apresentador Marcos Mion.

Homem de 24 anos foi preso temporariamente em Santa Helena de Goi√°s (cerca de 208 km de Goi√¢nia) por criar p√°ginas clones.

Essa √© a segunda fase da opera√ß√£o Voice Over, iniciada em janeiro.

Suspeito teria confessado ser respons√°vel pela cria√ß√£o e manuten√ß√£o das p√°ginas falsas, mas ainda n√£o se sabe quem criava o deepfake. Segundo a pol√≠cia, ele responder√° por fraude eletr√¥nica, associa√ß√£o criminosa e lavagem de dinheiro, podendo resultar em pena m√°xima de at√© 21 anos de reclus√£o.

A primeira fase da opera√ß√£o deteve tr√™s pessoas em Taguatinga (DF) em janeiro. Na ocasi√£o, no escrit√≥rio, foram achados documentos, dispositivos eletr√¥nicos e foram apreendidos dois ve√≠culos importados.

Computadores dos suspeitos est√£o sendo periciados para entender a extens√£o da organiza√ß√£o. Segundo o delegado Eduardo Dal Fabro, da DRRC (Delegacia Especial De Crimes Cibern√©ticos), os detidos na primeira fase rodavam a campanha em redes sociais, enquanto a pessoa presa semana passada fazia o site clone.

Como era o golpe

Golpe usava a imagem e voz de Marcos Mion criada com deepfake em a√ß√£o promocional falsa impulsionada no Instagram. A farsa usava o trecho de uma campanha que o apresentador fez para o Outback Steakhouse, mas com uma voz criada com intelig√™ncia artificial.

Na propaganda, a falsa narra√ß√£o citava uma promo√ß√£o e pedia que pessoas clicassem no link para acessar o desconto. Veiculado e impulsionado nos stories do Instagram, o link leva a pessoa para um site clone da rede de restaurantes.

L√°, havia uma pesquisa e a promessa de um desconto, condicionado ao envio de um Pix. O voucher, por√©m, nunca era encaminhado √†s pessoas. No Distrito Federal, ao menos 21 pessoas registraram boletim de ocorr√™ncia alegando terem ca√≠do no golpe.

https://preview.redd.it/5hucuax6vq0f1.png?width=750&amp;format=png&amp;auto=webp&amp;s=5713ef439002fe3771063b45ba89c34b7930d9c9

\*Mat√©ria dispon√≠vel no UOL!"| S| Golpe banc√°rio
158|369|Claro, isso √© apenas dinheiro ent√£o n√£o estou t√£o surpreso.|S|Golpe banc√°rio
159|372|"O que eles ""ganham"" com isso?"|S|Golpe banc√°rio
161|378|"Oi! Trabalho em uma certa loja de telefonia vermelha e quero contar um negocio interessante

Sabe quando voc√™ vai comprar um celular com desconto interessante, saiba que voc√™ est√° pagando mais do que voc√™ deve!  
Todas as lojas possuem o mesmo pre√ßo dos aparelhos (que √© o mesmo pre√ßo do site) por√©m cada loja possui sua meta de acess√≥rios, que eles colocam junto ao valor do celular, se voc√™ chegar com o valor com o site eles s√£o obrigados a te vender a esse valor, boas compras:D



"|S|Golpe banc√°rio
162|381|Recebi essas mensagens hoje, quase certeza ser golpe. Se for, algu√©m sabe de qu√™ tipo seria?|S|Outros
163|382|"Antes de tudo... Acredito que esse n√£o seja o melhor sub para fazer esse tipo de pergunta, mas indiretamente acaba sendo um golpe vindo de mim...

Contextualizando. Meu n√∫mero de telefone √© pr√© pago, nunca fa√ßo recargas nele e s√≥ fa√ßo para n√£o ter o n√∫mero cancelado. No entanto nesse meio tempo troquei de cart√£o de cr√©dito e no app da claro de recargas ficou com o meu cart√£o antigo.

Com isso, hoje cedo fui fazer a recarga e simplesmente o pagamento foi efetuado, estou com acesso a internet, mesmo a compra sendo negada e sem nenhuma cobran√ßa no banco.

O que eu deveria fazer? Acredito que o pessoal da claro pode achar que eu estou dando golpe e pode cancelar a minha linha, mas em contra partida a assist√™ncia da claro √© uma porcaria, s√≥ tendo chat bot... N√£o sei se vou atr√°s desse ""b.o"" ou se deixo quieto."| S| Cibercrime
164|384|Acredito ter ca√≠do em um golpe. Encontrei um an√∫ncio de leil√£o de celular no Google Not√≠cias, cliquei e realizei o pagamento.  Minha preocupa√ß√£o √© em rela√ß√£o aos dados. Quais os riscos que corro com o vazamento dessas informa√ß√µes?  Estou muito preocupada com o uso indevido delas. Informei nome completo, CPF, email e endere√ßo. E quais medidas consigo tomar para evitar qualquer aborrecido futuro, vou fazer o b.o online|S|Golpe banc√°rio
165|385|"Para contexto: Sou mulher, namoro a quase 3 anos e devido a meu trabalho como comercial meu n√∫mero circula vez ou outra em m√£os desconhecidas.


Gente seguinte, eu estava trabalhando quando recebi uma chamada de n√∫mero privado, atendi pois poderia ser um poss√≠vel cliente, e a primeira coisa que foi dita foi ""E a√≠ gata"" a voz sendo de um homem.

Eu respondi super grossa ""Acho que voc√™ se enganou de n√∫mero"" e ele ainda responde ""Tem certeza?"", foi quando eu disse ""Tenho certeza"" √© desliguei na cara dele. 

Contei pro meu namorado e mandei prints do n√∫mero, pelo visto esse n√∫mero vem me ligando a meses e foi atendido por alguns segundos algumas vezes mas nunca falei com essa pessoa e nem sei quem √©. 

N√£o consigo ver o n√∫mero, nem bloquear e n√£o sei o que fazer. Algu√©m me ajuda?? 

Tem print das chamadas aqui tamb√©m"|S|Golpe banc√°rio
167|388|"Foi h√° \~2h. Fiz um pedido no uber mercado e poucos minutos depois que o cara ""come√ßa a comprar"" v√°rios itens foram substitu√≠dos por ""Aaa"" (que marca √© essa? rsrs). O mais bizarro √© que eu at√© cheguei a cancelar uns 5, mas come√ßou a aparecer o erro do print e de repente todas as substitui√ß√µes come√ßaram a aparecer como aprovadas. Depois deve ter chegado um aviso pro cara dizendo que eu cancelei esses itens, a√≠ ele me manda um ""fica em paz"" e come√ßa a por uns nomes menos suspeitos kkkkk

Felizmente consegui ir no chat com a uber e o pedido foi cancelado na hora.

A√≠ fiquei na d√∫vida: como eles ganham com isso? Saem com os itens do mercado? Ou s√≥ as taxas da compra? √â a primeira vez que vejo isso no uber mercado..."|S|Golpe banc√°rio
168|389|Estou emocionado, j√° vi postarem golpes desse modelo, mas n√£o lembro o desenrolar.|S|Outros
169|393|"Contato estranho, do nada entrou em contato comigo, creio que foi por engano pois n√£o avou atr√°s disso, nem de S√£o Paulo eu sou 

Devo me preocupar ??"|S|Golpe banc√°rio
171|396|Bom dia senhores, eu recentemente fiz um upgrade de placa de video e pretendo vender a  3060. Eu tentei ano passado vender um  volante logitech g920 mas acabei desistindo pois a maioria das ofertas me pareciam ser golpe.  Alguma dica de um lugar bom pra vender hardware ? obg|S|Golpe banc√°rio
172|397|Bom e velho golpe da heran√ßa|S|Golpe banc√°rio
173|398|J√° vi esse tipo de golpe antes por aqui no reddit e √© a primeira vez q me aparece algo assim do nada no meu telegram|S|Golpe banc√°rio
175|404|"J√° √© a segunda vez que me ocorre isso no shopping que eu trabalho, a primeira vez um rapaz meio sinistro menparou no almo√ßo e pediu para poder ligar para a m√£e dele pelo meu celular, eu n√£o vi problema e deixei. Ele sabia o n√∫mero de cabe√ßa, ligou, n√£o me lembro o que conversou mas n√£o foi nada fora do normal, agradeceu e foi embora, 1 semana depois no mesmo lugar, vejo ele abordando outra pessoa pedindo para ligar para a m√£e e etc. E hoje indo embora um rapaz me abordou pedindo para ligar para a namorada, eu deixei, ele ligou falou r√°pido na liga√ß√£o que n√£o tinha cr√©dito e que n√£o conseguia conversar, desligou e me agradeceu. A 3 minutos atr√°s a mulher me retornou a liga√ß√£o perguntando quem era, eu disse que emprestei o celular para um rapaz que disse que precisava falar com a namorada, ela s√≥ respondeu ""ele n√£o √© meu namorado"", confirmei com ela o nome que estava salvo no contato e ela assentiu.


Queria saber se isso pode ser algum golpe pra pegar meu n√∫mero e ficar fazendo chantagem no WhatsApp ou como no primeiro caso parecia que o cara tava usando um ""n√∫mero Laranja"" pra falar com amigos."|S|Golpe banc√°rio
176|409|"Acabei de receber esse email, estou com muito medo de ser um golpe de tarifas
Eu acho muito estranho pedirem para q entrem em contato pelo telegram "|S|Golpe banc√°rio
177|410|Recebi isso hoje mais cedo com o nome do meu pai. Ele n√£o recebeu esse pix, mas queria saber que tipo de golpe √© esse Kkkk|S|Golpe banc√°rio
178|413|Achei um brother no reddit que quer vender ingresso de um evento. Ele comprou e precisa revender. O ingresso √© da EVENTIM. Como fazer para n√£o tomar golpe? Alguma dica sugest√£o? Por onde fazer o com√©rcio? |S|Outros
179|415|"Basicamente, uma pessoa me pediu um foto √≠ntima do nada via discord, e s gente n conversava a meses, bem eu fiquei levemente constrangido (fiquei nervoso para caralho) pq pensei que poderia ser uma pessoa gostaria dessa foto para uma futura chantagem, enfim n√£o enviei,
 1 pq eu n√£o sou maluco 
2 pq depois ela falou que era de menor e n quero ser preso t√£o cedo. Enfim como devo prosseguir?
Denuncio para os servidores que estamos ou s√≥ ignoro?"|S|Outros
180|416|"Tomei um golpe, leve e de valor baixo, por volta das 18h da tarde de uma sexta feira. Entrei com o processo de contesta√ß√£o de pix e foi dado o prazo de 15 dias e de que pode n√£o recuperar o valor total e etc. Eu nem estava ligando em receber o valor de volta porque era s√≥ R$ 100. Passaram s√°bado e domingo e agora as 11h da manh√£ eu j√° recebi a notifica√ß√£o de que a contesta√ß√£o foi desfavor√°vel, r√°pido demais. Liguei pro banco pra ouvir esclarecimentos, n√£o recebi nenhuma resposta que preste e que se quisesse reabrir de novo eu teria que dar novas informa√ß√µes.  
Ent√£o eu notei que o processo √© feito manualmente, sujeito a interpreta√ß√£o e at√© tendenciosamente por parte do departamento de seguran√ßa do banco. Faz todo o sentido se for pegar que eles n√£o trabalham no final de semana e s√≥ em hor√°rio comercial. Eles at√© podem estornar o valor se quiserem mas vc vai ter que ter um motivo cabuloso, um sequestro ou assalto."|S|Golpe banc√°rio
183|421|"√â um an√∫ncio flutuante do Kawai que se voc√™ clicar vai pra uma p√°gina web que voc√™ responde umas pesquisas e vai acumulando dinheiro. Quando vai sacar fala que tem uma taxa que voc√™ tem que pagar antes de receber o dinheiro. 
Meu irm√£o pequeno que descobriu. Eu fui indo al√©m pra ver onde dava. Sorte que ele n√£o caiu nisso. Embora n√£o saberia fazer o pix mesmo"|S|Golpe banc√°rio
184|423|Recebi esse email, estou sim com dividas relacionadas a isso, q fiz uma vez, nunca usei e tamb√©m descobri q precisava pagar s√≥ um tempo dps, sim burrice, mas agora recebi esse email|S|Golpe banc√°rio
185|431|"Eu nunca mais fiz nenhuma importa√ß√£o desde que o REMESSA COLIFORME surgiu, mas isso aqui brotou no meu lixo eletronico. Nem preciso dizer o que √©, n√©.

  
Fiquem atentos, aquele linkzinho ali no final, n√©... üíÄ"|S|Golpe banc√°rio
188|437|Gente eu recebi esse sms do Ita√∫, por√©m eu estava dormindo nesse hor√°rio e n√£o tem nada de compra negada no aplicativo. Sera um golpe?|S|Golpe banc√°rio
189|438|"(obs: algumas fotos est√£o borradas pq eu tirei uma print do v√≠deo que gravei, n√£o vou mandar o v√≠deo pq quando gravei foi por boa pr√°tica pra mandar pro suporte do ML e n√£o me preocupei em censurar alguns dados pessoais) 

Bom, o t√≠tulo √© autoexplicativo e eu nem sei se isso √© coisa a ser postada aqui no sub, s√≥ precisava falar, pra explicar a situa√ß√£o, o pedido deveria ter sido entregue ontem, a previs√£o era chegar at√© √†s 21h da noite, por√©m as 18h o ML notificou que seria entregue hoje, bom, ele chegou e qm recebeu foi meu primo, como ele n√£o sabia oq era, ele s√≥ assinou, recebeu e guardou

Quando eu cheguei, j√° sabia q tinha me lascado pq a caixa era MT leve, mas abri mesmo assim(por boa pr√°tica eu sempre filmo quando abro compras da Internet) e me deparei com um lacre removido totalmente (podia ter s√≥ cortado po) e com uma capinha de iPhone e o carregador original da Samsung kkkkkkkkkk

Sobre o pacote do ML, eu nem reparei na hora, s√≥ meu pai depois, mas ele foi aberto na parte de cima e colado com fita (durex pros √≠ntimos) kkkkkkk

Antes q falem algo, a loja era verificada, e eu comprei meu celular nela ano passado, sem nenhum tipo de problema

Eu n t√¥ necessariamente puto com isso no momento, s√≥ meio pah pq era o presente da minha m√£e e agr eu vou ter q me render a ir nas lojas lotadas dessa √©poca e pagar mais caro, mas √© a vida "|S|Golpe banc√°rio
191|441|KKKKKKKKKKLLLLK estelionatario iniciante √© osso|S|Golpe banc√°rio
192|443|Menti em absolutamente todas as respostas e iria pedir ideias pra trolar ‚Äúela‚Äù, mas nem vale mais a pena perder tempo com isso. Ent s√≥ queria saber: como funciona esse golpe?| S| Golpe banc√°rio
193|444|"Essa semana estava indo almo√ßar como fa√ßo todos os dias, at√© chegar na frente do restaurante e um rapaz me parar alegando que eu tinha tirado foto da ''boca'' sendo que no bairro aqui √© de alto padr√£o, ja saquei na hora oque ele queria, falando que me viu com a m√£o no bolso e talz, olhei pra cara dele e respondi com girias de sp como ele veio me abordar, vi no semblante dele que eu j√° tinha entendido oque ele estava querendo fazer, por fim s√≥ falei valeu irm√£o vou almo√ßar e virei entrei no restaurante.

  
Provavelmente queria que eu tirasse o celular do bolso para ''provar'' que eu n√£o tinha tirado nenhuma foto e assim iria grudar meu celular e correr."|S|Golpe banc√°rio
194|446|"Ol√° a todos!

H√° cerca de 5 anos, baixei o app da Caixa Tem para acessar meu INSS e receber os contratos de trabalho encerrados.  

Na √∫ltima ter√ßa-feira, instalei o aplicativo novamente e entrei na minha conta. Para minha surpresa, notei que R$ 0,05 sendo descontados todo m√™s da minha conta.  

Liguei para a central do banco e, ap√≥s informar meus dados, recebi uma mensagem autom√°tica dizendo que ""tudo se resolve no app"". No entanto, n√£o encontrei nenhuma op√ß√£o para resolver esse problema.  

Fiquei pensando: ser√° que isso tem a ver com o esc√¢ndalo do INSS, em que centavos eram cobrados de milh√µes de pessoas, gerando grandes valores?  

O que voc√™s acham?- O que eu deveria fazer?  - Como saber se h√° mais casos como o meu?  - Existe alguma a√ß√£o coletiva ou representa√ß√£o contra o banco por conta disso?"|S|Outros
196|448|Essa n√£o √© uma lista minha mas sim de voc√™s falem quais s√£o os golpes mais manjados da internet |S|Golpe banc√°rio
197|451|"Entregador entra em contato por whatsapp dizendo que foi assaltado em uma rua pr√≥xima ao meu endere√ßo (ele colocou o nome da rua) e quer meu pix para fazer reembolso e n√£o ser negativado na plataforma .
"|S|Golpe banc√°rio
198|452|"Bom, no final de abril eu me mudei para outro apartamento e precisava cancelar o meu plano da Oi Fibra. Primeiro que foi um parto porq nenhum telefone de atendimento deles funcionava, nem mesmo a ouvidoria, ent√£o foi muito stress para conseguir realizar o cancelamento pelo site e agendar a retirada do equipamento no dia 26/04 a tarde.

No dia 25, recebi uma msg no whats de um suposto contato da OI confirmando a retirada, mas em hor√°rio diferente. To me sentindo uma imbecil por n√£o ter suspeitado de nada (estranhei o jeito de escrever, mas convenhamos, uma operadora lixo com atendimento lixo n√£o me √© de estranhar um funcion√°rio assim) (print 2).

At√© o logo do contato foi feito no paint e eu n√£o tinha reparado ü§°

No dia 26/04 eu fiquei aguardando no endere√ßo e foi um motoqueiro buscar, sem uniforme nem nada. Entreguei o equipamento e ele me entregou um ""comprovante"" bem meia boca. Suspeitei essa hora mas ele j√° tinha ido embora e eu tava de saco cheio disso e s√≥ voltei pro meu trabalho.

A√≠ hoje recebi mensagem da IA deles informando sobre a retirada amanh√£.. agora provavelmente vou ter que pagar R$400 de taxa.

Fica a minha d√∫vida: Tenho como recorrer a uma merda dessa? Tenho¬†**certeza**¬†que o banco de dados da empresa est√° comprometido (seja por vazamento ou por algu√©m de dentro vendendo informa√ß√£o), pq pra aplicarem o golpe exatamente na data em que eu agendei a retirada pelo site da oi s√≥ pode ser isso.

E fica a dica: N√ÉO CONTRATEM ESSA MERDA DE OPERADORA."|S|Golpe banc√°rio
202|463|supostamente a empresa de energia da minha cidade me ligou e come√ßou a liga√ß√£o dizendo que n√£o era cobran√ßa nem nada e sim pra avisar que como eu pagava minhas contas certas tinha direito de participar de sorteios da empresa at√© contratar eletricista pela central 0800 deles e ter um seguro para equipamentos queimados (isso foi brevemente falado na liga√ß√£o, a atendente n√£o entrou em muitos detalhes) e a√≠ ela perguntou se meu endere√ßo estava certo (sim, estava) at√© a√≠ achei ok so que logo depois ela pediu pra eu confirmar meu nome, nome da minha m√£e e data do meu nascimento (ela quem me deu as informa√ß√µes e estavam certas) s√≥ que antes de eu responder se estavam certas ou n√£o, desliguei o telefone. Algu√©m saberia me dizer se isso √© golpe e que tipo de golpe seria esse?|S|Golpe banc√°rio
