0;1;2
30;S;Outros Cibercrimes
20;S;Outros Cibercrimes
21;N;
34;N;
35;S;cibercrime bancário
32;N;
33;S;Outros Cibercrimes
38; S; N
39; S; Outros Cibercrimes
14;N;
15;S;Outros Cibercrimes
18;S;Cibercrime bancário
8; N;
9; N;
24;S;Outros Cibercrimes
6;S;Cibercrime bancário
36;S;Cibercrime bancário
37;N;
28; N;
29; S; Outros Cibercrimes
5;S;Outros Cibercrimes
2;S;cibercrime bancário
3;S;cibercrimes
12; N;
13; S; Outros Cibercrimes
11;S;Outros Cibercrimes
22;S;Outros Cibercrimes
23;S;Cibercrime bancário
44;S;Outros Cibercrimes
45;N;
46; S;cibercrime bancário
47; S;cibercrime bancário
48; N;
49; N;
50; N;
51; S; Outros Cibercrimes
52; S; Outros Cibercrimes
53; S; Outros Cibercrimes
54;N;
55;S;Outros Cibercrimes
56; N;
57; N;
61;S;Cibercrime bancário
58;S;Outros Cibercrimes
59;S;Cibercrime bancário
62;N;
63;S;Outros Cibercrimes
66; N;
67; N;
65;S;Outros Cibercrimes (descreve o golpe do intermediário)
68; N;
69; S; N
72; N;
73; N;
70; N;
71; S; Outros Cibercrimes
74;S;Outros Cibercrimes
76; N;
77; N;
80;S;Cibercrime bancário
81;N;
82; N;
83; S; Outros Cibercrimes
84;N;
85;S;Outros Cibercimes
86;S;cibercrime bancário
87;S;cibercrime bancário
88; N;
89; S; Outros Cibercrimes
90;S;cibercrime bancário
91;S;cibercrime bancário
92; N;
93; S; Outros Cibercrimes
95;S;Cibercrime bancário
97;S;Outros Cibercrimes
101;S;cibercrime bancário
98; N;
99; S; Outros Cibercrimes
102;N;
103;S;Cibercrimes
104;S;Outros Cibercrimes
105;S;Cibercrime bancário
108;N;
109;S;Outros Cibercrimes
106; N;
107; S; Outros Cibercrimes
111;S;Outros Cibercrimes
114; N;
115; N;
112;N;
113;S;Outros Cibercrimes
117;S;cibercrime bancário
118;N;
119;S;cibercrime bancário
122; N;
123; S; Outros Cibercrimes
120;S;Outros Cibercrimes
121;S;Cibercrime bancário
124;N;
125;S;Outros Cibercrimes
129; S ; Outros Cibercrimes
130;S;Outros Cibercrimes
132;N;
133;S;Outros Cibercrimes
134;N;
135;S;Outros Cibercrimes
138;S;cibercrime bancário
139;S;cibercrimes
140;S;Cibercrime bancário
141;N;
142; N;
143; S; Outros Cibercrimes
148;N;
149;N;
146; N;
147; S; Outros Cibercrimes
153;S;Outros Cibercrimes
150;S;Outros Cibercrimes
151;N;
154; N;
155; N;
158;N;-
156; N;
157; S; Outros Cibercrimes
162;N;
163;S;Outros Cibercrimes
165; S; Outros Cibercrimes
167;S;cibercrime bancário
168; N;
169; S; Outros Cibercrimes
171;S;cibercrime bancário
172; S;cibercrime bancário
173; N;
175;S;Outros Cibercrimes
178;S;cibercrime bancário
179;S;Outros Cibercrimes
180;N;
181;N;
184;N;
185;S;cibercrime bancário
182;S;cibercrime bancário
183;N;
187;S;Outros Cibercrimes
187;S;Outros Cibercrimes
189;N;
190; N;
194;N;
195;S;Outros Cibercrimes
196;N;
197;S;Outros Cibercrimes
198; S; Cibercrime bancário
199; N;
200;S;cibercrime bancário
201;N;
202;N;
203;S;Outros Cibercrimes
206;N;
207;S;cibercrime bancário
209;S;Cibercrime bancário
210;N;
211;S;Outros Cibercrimes
214;N;-
212;S;Cibercrime bancário
213;S;Outros Cibercrimes
216;S;Cibercrime bancário
218;N;
219;S;Outros Cibercrimes
220; N;
221; S; Outros Cibercrimes
222;N;
223;S;Outros Cibercrimes
224; N;
225; S; Cibercrime bancário
227;S;Outros Cibercrimes
228;N;
229;S;Outros Cibercrimes
231;S;Outros Cibercrimes
232; S; Outros Cibercrimes
236;S;cibercrime bancário
235;S;Outros Cibercrimes
240; N;
241; N;
238;S;Cibercrime bancário
239;N;
245;S;cibercrime bancário
242;S;Outros Cibercrimes
243;S;Cibercrime bancário
246; S;cibercrime bancário
247; N;
248; S; Cibercrime bancário
249; N;
252; N;
253; N;
250;N;
251;S;Outros Cibercrimes
255;S;Outros Cibercrimes
257;S;Outros Cibercrimes
258; N ;
259; S ; Outros Cibercrimes
262; N;
263; S; Outros Cibercrimes
260;S;cibercrime bancário
261;S;Outros Cibercrimes
266; N;
267; N;
264; N;
265; S; Outros Cibercrimes
268; N;
269; S; Outros Cibercrimes
271;S;Outros Cibercrimes
272;S;cibercrime bancário
273;N;
274; S; Cibercrime bancário
275; N;
276;S;Cibercrime bancário
277;N;
278;S;Cibercrime bancário
279;S;Outros Cibercrimes
280;S;cibercrime bancário
281;S;Outros Cibercrimes
282; N;
283; S; Outros Cibercrimes
284; N;
285; S; Cibercrimes
286;S;Cibercrime bancário
288; N;
289; S;cibercrime bancário
290;S;cibercrime bancário
291;N;
293;S;Outros Cibercrimes
294; S; Cibercrime bancário
295; S; Outros Cibercrimes
296; N;
297; S;cibercrime bancário
300;N;
301;S;cibercrime bancário
298;S;Cibercrime bancário
299;N;
302;N;
303;S;Outros Cibercrimes
304;N;|
305;S;Outros Cibercrimes
307;S;Outros Cibercrimes
309; S;cibercrime bancário
312;N;
313;S;Outros Cibercrimes
310;S;Cibercrime bancário
311;N;
314;N;|
315;S;Outros Cibercrimes
316;S;Outros Cibercrimes
317;N;
318; N;
319; S; Outros Cibercrimes
320;S;Outros Cibercrimes
321;N;
324;S;Outros Cibercrimes
322;S;Cibercrime bancário
323;N;
327;S;cibercrime bancário
328;N;
329;S;Outros Cibercrimes
330;S;cibercrime bancário
334;S;cibercrime bancário
335;N;
332; S; Outros Cibercrimes
333; S; Cibercrime bancário
336; N;
337; S; Outros Cibercrimes
338;S;Outros Cibercrimes
339;S;Cibercrime bancário
340; N;
341; S; Outros Cibercrimes
342; N;
343; N;
344; N;
345; S; Outros Cibercrimes
348;N;
349;S;Outros Cibercrimes
346;N;
347;S;cibercrime bancário
350;S;Cibercrime bancário
351;S;Outros Cibercrimes
352; N;
353; S; Cibercrimes (Outros)
354; N;
355; S; Outros Cibercrimes
356; N;|
357; S; Outros Cibercrimes
360; N;
361; N;
359;S;Outros Cibercrimes
363;S;Outros Cibercrimes
364; N;
365; S;cibercrime bancário
368; N;
369; S; Outros Cibercrimes
370;S;Outros Cibercrimes
371;S;Cibercrime bancário
372; S; Cibercrime bancário
373; S; Outros Cibercrimes
374;N;
375;S;Outros Cibercrimes
377;S;Outros Cibercrimes
378;S;Cibercrime bancário
379;N;
380; N;
381; S; Outros Cibercrimes
382;N;-
383;S;Outros Cibercrimes
384;S;Outros Cibercrimes
385;S;Cibercrime bancário
386; S; Outros Cibercrimes
388; S;cibercrime bancário
390;N;
391;S;Outros Cibercrimes
392;S;Outros Cibercrimes
393;N;-
394; N;
395; S; Outros Cibercrimes
396; N;
398; S; Cibercrime bancário
399; N;
400;S;Outros Cibercrimes
401;N;-
406; N;
407; N;
404;S;Outros Cibercrimes
408; N;
409; S; Outros Cibercrimes
410;S;cibercrime bancário
411;S;outros Cibercrimes
413;S;Outros Cibercrimes
414;N;
415;S;Outros Cibercrimes
420;N;
421;S;cibercrime bancário
422;S;Outros Cibercrimes
425;S;Outros Cibercrimes
426; S; Outros Cibercrimes
427; S; Cibercrime bancário
429;S;Outros Cibercrimes
433;S;Outros Cibercrimes
430;S;Outros Cibercrimes
431;S;Outros Cibercrimes
434; N;
435; S; Outros Cibercrimes
436; N;|
437; S;|Cibercrime bancário
442; N;
443; S; Outros Cibercrimes
438;S;Outros Cibercrimes
439;S;Cibercrime bancário
444;S;Outros Cibercrimes
440; S; Outros Cibercrimes
441; S; Outros Cibercrimes
446; N;
447; S; Outros Cibercrimes
450; N;
451; S;cibercrime bancário
448;S;Cibercrime bancário
449;N;
452;S;Outros Cibercrimes
455;S;Outros Cibercrimes
456;N;
457;S;cibercrime bancário
459;S;Outros Cibercrimes (golpe não bancário)
462; N;
463; S; Outros Cibercrimes
466; N;
464; S; Outros Cibercrimes
465; S; Cibercrime bancário
