index;flg_crime;cat_crime
0;N;
1;S;Golpe bancário
3;S;Golpe bancário
7;N;
10;S;Cibercrime
18;S;Outros
19;N;|
22;N;
23;S;Golpe bancário
24;N;|
25;N;
26;S;Cibercrime
27;S;Cibercrime
28;S;Golpe bancário
30;S;Golpe bancário
32;N;
33;S;Golpe bancário
34;N;|
35;S;Golpe bancário
39;S;cibercrime
41;S;Cibercrime
44;S;Golpe bancário
45;S;Golpe bancário
46;N;
47;S;Golpe bancário
50; N;
52; S; Golpe bancário
53;S;Golpe bancário
54;S;Golpe bancário
56;N;
57;N;
59;S;Golpe bancário
61;S;Golpe bancário
62;N;
67;N;
69; N;
74;N;
75;S;Golpe bancário
77;N;|
79;N;|
80;S;Golpe bancário
82;N;|
86; S; Golpe bancário
88;N;-
91;S;Golpe bancário
92;S;Outros
95;S;Golpe bancário
100; N;
103;S;Outros
107; S; Outros
108;S;Golpe bancário
109;N;|
110;S;Golpe bancário
113; N;
119;S;Golpe bancário
121;S;Golpe bancário
124;N;
125;S;Cibercrime
127;N;|
129; S; Golpe bancário
133;N;
134; N;
135;N;|
137; N;
138;S;Outros
139;S;Golpe bancário
141; N;
143;S;Golpe bancário
145; N;
146;N;
150;S;Golpe bancário
151; S; Cibercrime
157; S; Golpe bancário
158; S; Golpe bancário
159;N;
162; N;
163;S;Golpe bancário
165; N;
166;N;|
167;N;
168;N;
171;S;Outros
172;S;Golpe bancário
173; N;
175;N;
178;S;Cibercrime
180;N;
182;S;Golpe bancário
183;N;|
184;S;Cibercrime
185;S;Golpe bancário
187;S;Outros
188;S;Golpe bancário
189;N;
190;S;Outros
195;S;Outros
198;N;
200;S;Golpe bancário
201;S;Golpe bancário
203;N;
207;N;|
208;N;
209;S;Golpe bancário
212;S;Golpe bancário
217;S;Golpe bancário
218; N;
219;S;Cibercrime
220;N;
224; N;
225;S;Golpe bancário
228;S;Outros
231; N;
232;S;Golpe bancário
233; N;
235; N;
236;S;Golpe bancário
237;S;Outros
238; N;
240;N;
244;N;|
245;S;Cibercrime
246;N;
248;S;Outros
249;N;
250; N;|
251;S;Outros
252; N;
255;N;|Outros
256; S; Outros
257;N;
258;N;
260;S;Golpe bancário
265;S;Golpe bancário
266;N;
269; N;
272;N;
273;N;
274;S;Golpe bancário
275;S;Golpe bancário
276;S;Golpe bancário
277;S;Golpe bancário
278;S;Golpe bancário
279;S;Cibercrime
280;S;Outros
281;N;
287; S; Golpe bancário
288;N;
289; S; Golpe bancário
293; N;
294;S;Golpe bancário
295;N;|Outros
296;N;
298;S;Golpe bancário
299;S;Outros
303; N;
304;S;Golpe bancário
308; N;
309;S;Cibercrime
310;S;Golpe bancário
311;S;Outros
313; N;
314;N;
320;S;Golpe bancário
322;S;Outros
325;S;Golpe bancário
327;S;Golpe bancário
329;S;Golpe bancário
330;S;Golpe bancário
334;S;Golpe bancário
341;S;Outros
344; N;
345;S;Outros
346; N;
349;S;Fraude
356;S;Outros
357; S; Golpe bancário
358;N;|
359;N;
361;N;-
369;S;Golpe bancário
372;S;Golpe bancário
377; N;|
378;S;Golpe bancário
381;S;Outros
382; S; Cibercrime
384;S;Golpe bancário
385;S;Golpe bancário
386;N;
388;S;Golpe bancário
389;S;Outros
393;S;Golpe bancário
395;N;
396;S;Golpe bancário
397;S;Golpe bancário
398;S;Golpe bancário
400;N;
404;S;Golpe bancário
409;S;Golpe bancário
410;S;Golpe bancário
413;S;Outros
415;S;Outros
416;S;Golpe bancário
419;N;
420;N;
421;S;Golpe bancário
422;S;Golpe bancário
423;S;Golpe bancário
431;S;Golpe bancário
433;N;
434;N;
437;S;Golpe bancário
438;S;Golpe bancário
439; N;
441;S;Golpe bancário
443; S; Golpe bancário
444;S;Golpe bancário
446;S;Outros
447;N;
448;S;Golpe bancário
451;S;Golpe bancário
452;S;Golpe bancário
456;N;
457;N;
459;N;
463;S;Golpe bancário
464;N;
465;N;-
466;N;
